{
    "code": 0,
    "message": "获取权限成功",
    "data": [
        {
            "name": "订单管理",
            "children": [
                {
                    "name": "订单列表"
                },
                {
                    "name": "汇总清单"
                }
            ]
        },
        {
            "name": "产品管理",
            "children": [
                {
                    "name": "产品列表"
                },
                {
                    "name": "产品分类"
                },
                {
                    "name": "添加商品"
                }
            ]
        },
        {
            "name": "广告分类",
            "children": [
                {
                    "name": "广告列表"
                }
            ]
        }
    ]
}
