{
  "status": true,
  "type": "json",
  "code": "API_COMM_001",
  "code_msg": "操作成功",
  "code_user_msg": "操作成功",
  "result": {
    "data": {
      "sale_money": [
        {
          "real_amount": "57869.46",
          "total_amount": "57869.46",
          "num": "12225",
          "employee_id": "4130b64eaf2c49c188171f7522b3fd4a",
          "merchant_department_id": "",
          "name": "肉类",
          "department": "",
          "branchSchool": ""
        },
        {
          "real_amount": "13841.00",
          "total_amount": "14816.00",
          "num": "9134",
          "employee_id": "693775dab25741888767b403ca760442",
          "merchant_department_id": "0bd5e3d4947243af80601fd1592ea426",
          "name": "水产",
          "department": "",
          "campus": "海淀校区"
        },
        {
          "real_amount": "32173.10",
          "total_amount": "32173.10",
          "num": "23024",
          "employee_id": "b73a17e4c9d740de9fe9f77b00cf1c62",
          "merchant_department_id": "fee1b106fd9a42a4bb3a2a65fdeda872",
          "name": "蔬菜",
          "department": "",
          "campus": "朝阳校区"
        },
        {
          "real_amount": "9500.00",
          "total_amount": "9500.00",
          "num": "4500",
          "employee_id": "188b4d6337c84902aa5a5d87a35fe90e",
          "merchant_department_id": "fee1b106fd9a42a4bb3a2a65fdeda872",
          "name": "冷饮食品",
          "department": "",
          "campus": "朝阳校区"
        },
        {
          "real_amount": "39500.00",
          "total_amount": "39500.00",
          "num": "21500",
          "employee_id": "188b4d6337c84902aa5a5d87a35fe90e",
          "merchant_department_id": "fee1b106fd9a42a4bb3a2a65fdeda872",
          "name": "水果",
          "department": "",
          "campus": "朝阳校区"
        }
      ],
      "sale_funnel": [
        {
          "value": "61",
          "name": "联系"
        },
        {
          "value": "21",
          "name": "预约到店"
        },
        {
          "value": "9",
          "name": "实际到店"
        },
        {
          "value": "19",
          "name": "预约"
        },
        {
          "value": "9",
          "name": "实际"
        },
        {
          "value": "33",
          "name": "成交"
        }
      ],
      "promise_tostore_num": "21",
      "promise_tohear_num": "19",
      "contact_people_num": "61",
      "contact_num": "125"
    }
  }
}